url,super_name,shop_name,chirashi_png_path,flyer_title,period,scraped_at
https://chirashi.otoku.aeonsquare.net/viewer/index.html?d=pc&s_id=0000060480&f_id=f169924,イオン,市川妙典店,https://chirashi.otoku.aeonsquare.net/viewer/images/9eaa1ea268cae0116c0e70c0101bedd4e761b9d5.t.jpg,夜からイオン,,2025-11-13 13:22:12
https://chirashi.otoku.aeonsquare.net/viewer/index.html?d=pc&s_id=0000060480&f_id=f169753,イオン,市川妙典店,https://chirashi.otoku.aeonsquare.net/viewer/images/4eb202ee2c48f34a863e5e9ad411396f1d43a5a8.t.jpg,,11/10～11/16,2025-11-13 13:22:12
https://chirashi.otoku.aeonsquare.net/viewer/index.html?d=pc&s_id=0000060480&f_id=f169069&page=2,イオン,市川妙典店,https://chirashi.otoku.aeonsquare.net/viewer/images/df60184510039af2af3396dbfb638afbabb872d8.t.jpg,,11/2～ 11/30,2025-11-13 13:22:12
https://chirashi.otoku.aeonsquare.net/viewer/index.html?d=pc&s_id=0000060480&f_id=f169069,イオン,市川妙典店,https://chirashi.otoku.aeonsquare.net/viewer/images/40d7b56d7e71f234b1f8fa7e525af0208d5c5603.t.jpg,,11/1～11/30,2025-11-13 13:22:12
https://chirashi.otoku.aeonsquare.net/viewer/index.html?d=pc&s_id=0000060480&f_id=f169922,イオン,市川妙典店,https://chirashi.otoku.aeonsquare.net/viewer/images/3f9f72a6088c5a09287c6c7e10994748ecbd9412.t.jpg,パンdeナイト,,2025-11-13 13:22:12
https://chirashi.otoku.aeonsquare.net/viewer/index.html?d=pc&s_id=0000060480&f_id=f168302,イオン,市川妙典店,https://chirashi.otoku.aeonsquare.net/viewer/images/da0a18c5ecef9531e7d2ab9a0374f600578152d4.t.jpg,年末年始ごちそうご予約承り,,2025-11-13 13:22:12
https://chirashi.otoku.aeonsquare.net/viewer/index.html?d=pc&s_id=0000060480&f_id=f170297,イオン,市川妙典店,https://chirashi.otoku.aeonsquare.net/viewer/images/195ad4772778549dc8829f6fabac46430f146dac.t.jpg,,11/7～11/16,2025-11-13 13:22:12
https://chirashi.otoku.aeonsquare.net/viewer/index.html?d=pc&s_id=0000060480&f_id=f169398,イオン,市川妙典店,https://chirashi.otoku.aeonsquare.net/viewer/images/72b1c283631a2874e64b3c4038931d81206296b7.t.jpg,,11/7～11/16,2025-11-13 13:22:12
https://chirashi.otoku.aeonsquare.net/viewer/index.html?d=pc&s_id=0000060480&f_id=f169399,イオン,市川妙典店,https://chirashi.otoku.aeonsquare.net/viewer/images/1394dd7c3f90cb871c31d283dc402e85f29e0047.t.jpg,,11/7～11/30,2025-11-13 13:22:12
https://chirashi.otoku.aeonsquare.net/viewer/index.html?d=pc&s_id=0000060480&f_id=f169506,イオン,市川妙典店,https://chirashi.otoku.aeonsquare.net/viewer/images/c895fe722e47c0d3bd21d61735c64d6a23677b66.t.jpg,イオンショップ 冬の贈りもの,,2025-11-13 13:22:12
https://chirashi.otoku.aeonsquare.net/viewer/index.html?d=pc&s_id=0000060480&f_id=f169569,イオン,市川妙典店,https://chirashi.otoku.aeonsquare.net/viewer/images/942347797987badb4e6edea2e93221a08288caae.t.jpg,,11/7～11/16,2025-11-13 13:22:12
https://chirashi.otoku.aeonsquare.net/viewer/index.html?d=pc&s_id=0000060480&f_id=f169793,イオン,市川妙典店,https://chirashi.otoku.aeonsquare.net/viewer/images/1e85b93b3855a157c898667a196e067d752a8239.t.jpg,,11/7～11/30,2025-11-13 13:22:12
https://chirashi.otoku.aeonsquare.net/viewer/index.html?d=pc&s_id=0000060480&f_id=f169937,イオン,市川妙典店,https://chirashi.otoku.aeonsquare.net/viewer/images/fef7d4668ec9da4cf0ce912f38daca0f61516b9f.t.jpg,,11/5～12/2,2025-11-13 13:22:12
https://chirashi.otoku.aeonsquare.net/viewer/index.html?d=pc&s_id=0000060480&f_id=f170328,イオン,市川妙典店,https://chirashi.otoku.aeonsquare.net/viewer/images/8d5087d2968fa160c262f366d2467b859afec17f.t.jpg,イオンショップ おせち＆ブラックフライデー,,2025-11-13 13:22:12
https://chirashi.otoku.aeonsquare.net/viewer/index.html?d=pc&s_id=0000060480&f_id=f169393,イオン,市川妙典店,https://chirashi.otoku.aeonsquare.net/viewer/images/3adb698e211caec0a7aa63f63356774ce2ec8c7a.t.jpg,,11/5～11/17,2025-11-13 13:22:12
https://chirashi.otoku.aeonsquare.net/viewer/index.html?d=pc&s_id=0000060480&f_id=f169392,イオン,市川妙典店,https://chirashi.otoku.aeonsquare.net/viewer/images/2b7d0ec1728f3e233f25cd413e2264dfd9a0ed93.t.jpg,,11/5 ～ 11/19,2025-11-13 13:22:12
https://chirashi.otoku.aeonsquare.net/viewer/index.html?d=pc&s_id=0000060480&f_id=f169391,イオン,市川妙典店,https://chirashi.otoku.aeonsquare.net/viewer/images/9f18720b7a4e38a59666307e2f184859b7ab5f93.t.jpg,,11/1～11/30,2025-11-13 13:22:12
https://chirashi.otoku.aeonsquare.net/viewer/index.html?d=pc&s_id=0000060480&f_id=f169390,イオン,市川妙典店,https://chirashi.otoku.aeonsquare.net/viewer/images/35399aba5129df6f0f042079d54d9e53364aa932.t.jpg,,11/1～11/30,2025-11-13 13:22:12
https://chirashi.otoku.aeonsquare.net/viewer/index.html?d=pc&s_id=0000060480&f_id=f169070,イオン,市川妙典店,https://chirashi.otoku.aeonsquare.net/viewer/images/4ac5cb6bee38ab6e697a58d38bb3f8a89a5511e0.t.jpg,,11/1～11/30,2025-11-13 13:22:12
https://chirashi.otoku.aeonsquare.net/viewer/index.html?d=pc&s_id=0000060480&f_id=f169473,イオン,市川妙典店,https://chirashi.otoku.aeonsquare.net/viewer/images/53f753997303afe5f83cf6ba9e9347c2665caba2.t.jpg,イオンショップ おせち＆年末年始のごちそう,,2025-11-13 13:22:12
https://chirashi.otoku.aeonsquare.net/viewer/index.html?d=pc&s_id=0000060480&f_id=f169468,イオン,市川妙典店,https://chirashi.otoku.aeonsquare.net/viewer/images/e712c7c2052a8f0f1eb054e7d837a412bd7afd12.t.jpg,イオンのプレミアムクリスマスケーキ,,2025-11-13 13:22:12
https://chirashi.otoku.aeonsquare.net/viewer/index.html?d=pc&s_id=0000060480&f_id=f169469,イオン,市川妙典店,https://chirashi.otoku.aeonsquare.net/viewer/images/7a00fbb2929c34ad80328539e281303b4d986739.t.jpg,イオンショップ グルメ定期便,,2025-11-13 13:22:12
https://chirashi.otoku.aeonsquare.net/viewer/index.html?d=pc&s_id=0000060480&f_id=f165608,イオン,市川妙典店,https://chirashi.otoku.aeonsquare.net/viewer/images/8091017e31b65e0848225049621aa0c34cfd01c3.t.jpg,お祝いケーキご予約承り中,,2025-11-13 13:22:12
